{"cameraMode":{"drawMode":0,"name":"Shaded","section":"Shading Mode"},"sceneLighting":true,"audioPlay":false,"sceneViewState":{"m_AlwaysRefresh":false,"showFog":true,"showSkybox":true,"showFlares":true,"showImageEffects":true,"showParticleSystems":true,"showVisualEffectGraphs":true,"m_FxEnabled":true},"in2DMode":false,"pivot":{"x":-42.76334762573242,"y":4.013586044311523,"z":40.372596740722659},"rotation":{"x":0.23808462917804719,"y":-0.37503308057785036,"z":0.10029436647891998,"w":0.8902891874313355},"size":120.10546112060547,"orthographic":false}