{"cameraMode":{"drawMode":0,"name":"Shaded","section":"Shading Mode"},"sceneLighting":true,"audioPlay":false,"sceneViewState":{"m_AlwaysRefresh":false,"showFog":true,"showSkybox":true,"showFlares":true,"showImageEffects":true,"showParticleSystems":true,"showVisualEffectGraphs":true,"m_FxEnabled":true},"in2DMode":false,"pivot":{"x":-0.0014448463916778565,"y":0.8411729335784912,"z":-0.10131427645683289},"rotation":{"x":0.23423701524734498,"y":0.4917033314704895,"z":-0.1392650455236435,"w":0.8270260095596314},"size":8.180619239807129,"orthographic":false}